number,status,priority,eligible_for_agent,type,depends_on
124,Done,P1,yes,unit tests,none
125,Done,P1,yes,unit tests,none
126,Done,P1,yes,unit tests,none
127,Ready for review,P2,yes,unit tests,none
128,Ready for review,P2,yes,unit tests,none
129,Backlog,P2,yes,unit tests,none
130,Backlog,P3,yes,unit tests,none
131,Backlog,P3,yes,unit tests,none
132,Backlog,P1,yes,test ids,140
133,Backlog,P1,yes,test ids,140
134,Backlog,P2,yes,test ids,140
135,Backlog,P2,yes,test ids,140
136,Backlog,P2,yes,test ids,140
137,Backlog,P2,yes,test ids,140
138,Backlog,P3,yes,test ids,140
139,Backlog,P3,yes,test ids,140
140,Ready for review,P1,yes,other,none
141,Backlog,P1,no,other,none
142,Backlog,P2,yes,other,none
057,Backlog,,no,other,none
113,Backlog,,no,other,none
114,Backlog,,no,other,none
115,Backlog,,no,other,none
116,Backlog,,no,other,none
117,Backlog,,no,other,none
122,Backlog,,no,other,none
123,Backlog,,no,other,none
EPIC-010,Backlog,,no,other,none
EPIC-011,Backlog,,no,other,none
